Cycle,Voltage_V,Current_A,Temperature_C,Capacity_Ah,Time_s,SOH_pct
1,4.204,1.405,24.53,2.054,5243.0,100.21
2,4.197,1.457,24.33,2.047,5046.2,99.87
3,4.195,1.479,24.22,2.055,4981.2,100.23
4,4.199,1.594,25.23,2.063,4646.6,100.62
5,4.198,1.528,24.92,2.045,4813.4,99.74
6,4.197,1.433,25.22,2.044,5150.8,99.71
7,4.202,1.524,25.38,2.062,4862.3,100.56
8,4.204,1.423,25.17,2.053,5162.9,100.14
9,4.199,1.554,25.37,2.04,4747.8,99.5
10,4.206,1.476,25.02,2.049,4980.1,99.97
11,4.193,1.495,24.46,2.039,4906.9,99.45
12,4.197,1.566,25.59,2.038,4693.1,99.41
13,4.194,1.436,24.77,2.044,5130.7,99.73
14,4.189,1.43,24.6,2.022,5112.5,98.65
15,4.197,1.471,24.99,2.024,4962.6,98.71
16,4.197,1.552,24.62,2.035,4702.5,99.25
17,4.205,1.424,24.88,2.03,5174.2,99.0
18,4.2,1.358,25.26,2.042,5416.0,99.62
19,4.192,1.477,25.27,2.029,4941.8,98.99
20,4.206,1.528,24.65,2.024,4788.4,98.72
21,4.203,1.56,24.86,2.052,4740.0,100.09
22,4.2,1.477,25.65,2.034,4967.0,99.24
23,4.195,1.479,25.36,2.037,5005.9,99.35
24,4.192,1.558,26.16,2.021,4665.6,98.59
25,4.194,1.407,25.72,2.029,5187.9,98.99
26,4.202,1.481,25.7,2.035,4951.2,99.28
27,4.205,1.51,24.44,2.022,4843.9,98.64
28,4.204,1.522,25.52,2.037,4786.0,99.35
29,4.193,1.475,25.12,2.026,4908.2,98.85
30,4.19,1.502,24.87,2.029,4852.1,98.97
31,4.196,1.376,25.24,2.025,5267.4,98.79
32,4.186,1.467,25.63,2.049,5019.8,99.96
33,4.197,1.523,25.42,2.03,4809.3,99.02
34,4.194,1.451,24.73,2.019,4991.5,98.48
35,4.192,1.503,25.55,2.037,4850.8,99.37
36,4.187,1.522,24.86,2.016,4768.9,98.34
37,4.197,1.483,25.29,2.03,4944.9,99.01
38,4.192,1.509,25.04,2.007,4756.8,97.93
39,4.188,1.452,25.09,2.013,5008.3,98.2
40,4.18,1.49,25.58,2.028,4916.9,98.92
41,4.194,1.531,24.68,2.033,4800.3,99.16
42,4.203,1.508,26.18,2.026,4862.5,98.85
43,4.202,1.471,24.3,2.023,4996.0,98.68
44,4.191,1.511,24.92,2.021,4806.1,98.56
45,4.19,1.536,25.41,2.008,4709.6,97.96
46,4.195,1.398,25.52,2.015,5182.8,98.3
47,4.188,1.558,25.18,2.017,4661.1,98.4
48,4.194,1.483,25.21,2.032,4962.1,99.11
49,4.196,1.521,25.45,2.024,4762.8,98.73
50,4.199,1.56,25.13,2.002,4604.1,97.68
51,4.192,1.431,25.95,2.023,5114.5,98.67
52,4.191,1.465,25.68,2.015,4973.5,98.29
53,4.188,1.486,25.7,2.011,4867.2,98.12
54,4.188,1.461,24.79,2.024,5004.5,98.72
55,4.191,1.587,25.24,2.027,4606.6,98.9
56,4.193,1.457,25.13,2.026,5034.9,98.82
57,4.196,1.472,24.78,2.008,4910.5,97.93
58,4.187,1.51,25.47,2.012,4817.2,98.16
59,4.199,1.44,25.03,2.018,5098.4,98.44
60,4.19,1.48,25.63,2.024,4934.3,98.73
61,4.191,1.516,24.77,2.009,4771.7,97.99
62,4.187,1.483,26.17,2.011,4895.4,98.11
63,4.178,1.495,24.87,2.001,4811.0,97.63
64,4.195,1.474,25.43,2.0,4933.8,97.56
65,4.194,1.424,25.72,2.019,5107.9,98.51
66,4.189,1.516,25.04,2.024,4801.3,98.75
67,4.19,1.588,25.76,2.009,4539.4,98.02
68,4.192,1.501,24.73,2.02,4866.0,98.52
69,4.182,1.511,26.07,2.013,4811.6,98.18
70,4.187,1.535,25.36,2.002,4686.3,97.66
71,4.193,1.437,25.06,2.011,5052.3,98.12
72,4.183,1.585,25.21,2.023,4563.5,98.67
73,4.191,1.51,25.77,2.006,4786.7,97.87
74,4.182,1.582,25.08,2.022,4611.0,98.62
75,4.191,1.463,25.0,1.979,4903.6,96.55
76,4.188,1.591,25.27,2.013,4540.2,98.21
77,4.18,1.539,24.8,2.005,4665.9,97.82
78,4.194,1.528,26.3,2.001,4697.2,97.6
79,4.184,1.512,25.11,2.004,4746.1,97.77
80,4.184,1.488,25.82,1.983,4825.3,96.72
81,4.189,1.56,25.51,2.0,4646.2,97.56
82,4.193,1.507,24.92,2.005,4796.4,97.81
83,4.182,1.402,25.41,2.016,5201.8,98.33
84,4.188,1.444,25.81,1.995,4976.5,97.33
85,4.189,1.491,25.33,1.992,4808.2,97.16
86,4.191,1.515,26.03,1.994,4730.7,97.28
87,4.188,1.497,25.95,2.008,4821.9,97.95
88,4.185,1.561,25.9,2.001,4585.0,97.63
89,4.183,1.402,25.22,1.992,5119.5,97.19
90,4.187,1.507,24.91,2.002,4781.6,97.67
91,4.181,1.409,25.15,1.997,5118.1,97.44
92,4.172,1.538,25.56,2.006,4696.5,97.84
93,4.188,1.495,25.74,1.988,4783.9,96.99
94,4.19,1.521,24.38,1.992,4696.4,97.15
95,4.174,1.457,25.47,1.99,4919.9,97.09
96,4.181,1.564,25.56,1.979,4570.2,96.54
97,4.189,1.552,25.35,1.996,4607.0,97.37
98,4.196,1.529,26.14,1.995,4698.9,97.33
99,4.185,1.494,25.71,1.992,4806.4,97.17
100,4.181,1.529,26.16,1.989,4669.0,97.03
101,4.184,1.465,25.4,1.977,4847.0,96.43
102,4.192,1.543,25.98,1.986,4639.2,96.89
103,4.181,1.582,26.33,1.986,4496.2,96.9
104,4.18,1.554,26.18,1.981,4598.1,96.65
105,4.182,1.464,24.98,1.987,4870.0,96.93
106,4.179,1.518,25.4,1.992,4745.6,97.18
107,4.185,1.435,25.36,2.006,5079.2,97.88
108,4.192,1.529,25.78,1.989,4666.5,97.01
109,4.185,1.523,25.89,1.989,4713.8,97.03
110,4.182,1.407,25.13,1.985,5066.6,96.84
111,4.182,1.442,25.59,1.966,4929.8,95.91
112,4.175,1.486,24.55,1.985,4783.0,96.81
113,4.187,1.485,26.29,1.985,4821.6,96.82
114,4.183,1.44,25.31,2.008,5005.1,97.97
115,4.182,1.519,25.6,1.981,4690.0,96.65
116,4.199,1.513,25.43,1.986,4705.3,96.86
117,4.184,1.49,26.16,1.982,4803.6,96.67
118,4.179,1.462,24.17,1.97,4833.1,96.09
119,4.18,1.552,25.59,1.992,4631.4,97.19
120,4.188,1.583,25.55,1.988,4514.8,96.97
121,4.182,1.476,25.38,1.988,4846.6,96.97
122,4.175,1.469,26.47,1.97,4830.1,96.11
123,4.186,1.525,25.17,1.993,4690.6,97.21
124,4.178,1.482,26.01,1.964,4775.4,95.82
125,4.191,1.493,25.8,1.984,4813.5,96.76
126,4.187,1.537,26.26,1.999,4666.8,97.52
127,4.179,1.405,25.3,1.967,5064.5,95.94
128,4.187,1.566,25.27,1.97,4560.0,96.12
129,4.181,1.504,26.19,1.977,4716.0,96.42
130,4.185,1.479,25.86,1.97,4764.6,96.1
131,4.183,1.496,24.88,1.959,4721.6,95.56
132,4.176,1.498,25.39,1.975,4734.1,96.32
133,4.177,1.413,25.86,1.963,5036.5,95.75
134,4.185,1.575,26.09,1.978,4521.7,96.47
135,4.178,1.502,25.34,1.963,4689.0,95.76
136,4.178,1.522,24.22,1.987,4677.2,96.94
137,4.175,1.548,25.95,1.963,4589.2,95.78
138,4.181,1.449,25.08,1.968,4877.0,95.98
139,4.189,1.524,24.69,1.978,4675.1,96.5
140,4.174,1.487,24.28,1.957,4759.0,95.48
141,4.179,1.542,26.11,1.971,4591.8,96.17
142,4.186,1.394,25.77,1.982,5118.0,96.67
143,4.178,1.495,25.6,1.952,4699.9,95.22
144,4.181,1.47,26.41,1.969,4837.1,96.07
145,4.173,1.522,26.04,1.97,4671.7,96.08
146,4.18,1.524,26.54,1.974,4660.8,96.31
147,4.177,1.465,25.04,1.954,4803.1,95.3
148,4.183,1.464,25.72,1.952,4791.8,95.23
149,4.184,1.494,24.94,1.97,4716.2,96.1
150,4.19,1.455,25.64,1.967,4872.1,95.97
151,4.18,1.542,25.63,1.966,4628.2,95.92
152,4.179,1.482,26.07,1.967,4761.3,95.94
153,4.178,1.355,25.79,1.956,5182.5,95.41
154,4.175,1.481,26.08,1.965,4757.1,95.83
155,4.178,1.448,26.13,1.965,4898.7,95.84
156,4.175,1.418,26.86,1.954,4968.3,95.32
157,4.177,1.438,25.63,1.979,4951.5,96.55
158,4.183,1.505,25.32,1.965,4680.2,95.85
159,4.171,1.566,25.92,1.948,4478.0,95.01
160,4.182,1.516,25.4,1.966,4637.5,95.88
161,4.182,1.47,26.55,1.949,4776.5,95.06
162,4.175,1.523,25.67,1.966,4664.9,95.9
163,4.165,1.477,25.53,1.969,4774.2,96.05
164,4.172,1.465,25.58,1.949,4757.3,95.06
165,4.182,1.442,26.18,1.966,4939.0,95.91
166,4.175,1.412,25.75,1.96,4983.6,95.61
167,4.17,1.481,25.51,1.964,4797.5,95.79
168,4.172,1.508,26.67,1.974,4709.4,96.29
169,4.179,1.495,25.42,1.952,4696.5,95.22
170,4.177,1.479,25.87,1.946,4745.6,94.94
171,4.173,1.453,26.18,1.944,4800.9,94.85
172,4.172,1.53,25.04,1.945,4577.1,94.86
173,4.172,1.434,26.11,1.952,4891.1,95.2
174,4.169,1.539,25.34,1.955,4547.7,95.38
175,4.182,1.45,26.29,1.954,4858.5,95.32
176,4.172,1.462,25.4,1.959,4817.3,95.56
177,4.18,1.427,26.23,1.95,4918.4,95.14
178,4.181,1.475,26.44,1.964,4770.1,95.82
179,4.178,1.549,26.33,1.947,4556.5,94.95
180,4.171,1.526,26.03,1.976,4679.5,96.39
181,4.175,1.549,25.79,1.954,4561.8,95.34
182,4.173,1.526,25.62,1.939,4568.1,94.59
183,4.168,1.445,26.65,1.936,4790.4,94.46
184,4.174,1.483,25.57,1.951,4774.8,95.19
185,4.166,1.461,25.41,1.944,4788.7,94.82
186,4.178,1.567,26.26,1.953,4472.6,95.26
187,4.17,1.44,25.54,1.95,4882.4,95.11
188,4.173,1.545,25.46,1.944,4553.7,94.82
189,4.173,1.545,25.22,1.936,4510.8,94.42
190,4.17,1.591,25.71,1.928,4387.8,94.07
191,4.174,1.48,25.91,1.939,4738.7,94.57
192,4.169,1.536,26.08,1.951,4552.6,95.18
193,4.175,1.614,26.44,1.944,4322.8,94.84
194,4.164,1.469,26.23,1.929,4746.3,94.1
195,4.171,1.423,25.88,1.943,4859.9,94.77
196,4.18,1.406,25.88,1.944,4975.5,94.85
197,4.165,1.536,26.24,1.931,4498.7,94.2
198,4.167,1.406,26.63,1.941,4961.0,94.69
199,4.173,1.481,26.06,1.94,4707.6,94.61
200,4.171,1.522,25.77,1.927,4551.4,94.0
201,4.172,1.509,25.51,1.942,4620.2,94.71
202,4.172,1.521,25.29,1.943,4576.3,94.79
203,4.173,1.511,26.35,1.948,4686.3,95.02
204,4.175,1.564,26.31,1.947,4519.2,94.98
205,4.171,1.452,26.31,1.922,4741.4,93.77
206,4.168,1.466,25.97,1.926,4761.1,93.96
207,4.172,1.461,26.74,1.94,4771.5,94.64
208,4.178,1.542,25.8,1.94,4532.4,94.62
209,4.168,1.545,26.52,1.939,4517.1,94.59
210,4.164,1.523,26.03,1.972,4649.6,96.2
211,4.174,1.559,25.75,1.939,4496.0,94.57
212,4.168,1.441,26.36,1.944,4858.5,94.82
213,4.157,1.583,26.27,1.942,4404.9,94.71
214,4.172,1.576,26.25,1.938,4400.4,94.54
215,4.165,1.537,26.12,1.928,4498.3,94.04
216,4.167,1.589,26.06,1.938,4357.9,94.54
217,4.169,1.417,27.28,1.922,4883.4,93.77
218,4.168,1.474,26.68,1.927,4683.6,94.01
219,4.171,1.463,26.46,1.924,4728.8,93.86
220,4.165,1.536,26.16,1.929,4549.1,94.12
221,4.169,1.447,26.61,1.951,4876.7,95.18
222,4.165,1.538,26.37,1.909,4467.9,93.12
223,4.17,1.569,26.13,1.934,4436.9,94.34
224,4.169,1.535,25.97,1.91,4518.8,93.19
225,4.162,1.514,26.08,1.921,4578.5,93.73
226,4.172,1.451,24.54,1.936,4799.3,94.46
227,4.163,1.458,26.24,1.926,4727.5,93.94
228,4.17,1.562,25.9,1.914,4417.4,93.36
229,4.167,1.539,26.94,1.917,4500.8,93.51
230,4.175,1.498,26.16,1.93,4626.4,94.17
231,4.164,1.479,25.56,1.916,4668.8,93.46
232,4.163,1.399,26.14,1.925,4946.8,93.89
233,4.165,1.446,25.64,1.923,4781.4,93.79
234,4.163,1.596,26.41,1.915,4271.3,93.42
235,4.169,1.436,26.32,1.943,4865.8,94.76
236,4.157,1.509,26.66,1.927,4615.3,94.0
237,4.159,1.55,25.79,1.9,4399.2,92.68
238,4.159,1.437,26.21,1.922,4814.3,93.74
239,4.169,1.509,25.51,1.913,4547.1,93.3
240,4.173,1.547,26.55,1.927,4492.5,94.01
241,4.163,1.501,26.46,1.91,4578.6,93.19
242,4.163,1.643,26.46,1.917,4179.8,93.5
243,4.164,1.417,26.22,1.922,4912.1,93.77
244,4.169,1.553,26.43,1.926,4482.3,93.93
245,4.159,1.491,27.03,1.904,4584.8,92.9
246,4.164,1.539,26.09,1.913,4484.9,93.29
247,4.168,1.522,26.3,1.911,4529.8,93.2
248,4.165,1.463,25.7,1.908,4707.7,93.09
249,4.164,1.511,25.81,1.932,4568.0,94.25
250,4.168,1.407,26.3,1.918,4927.3,93.56
251,4.149,1.53,26.81,1.901,4460.8,92.73
252,4.166,1.515,26.13,1.922,4560.7,93.77
253,4.159,1.532,26.15,1.934,4597.0,94.33
254,4.153,1.553,26.07,1.922,4462.6,93.77
255,4.164,1.518,26.01,1.896,4488.5,92.51
256,4.168,1.507,26.43,1.906,4508.4,92.99
257,4.161,1.456,25.54,1.923,4783.4,93.82
258,4.166,1.464,26.93,1.903,4651.5,92.83
259,4.169,1.559,25.96,1.914,4399.0,93.37
260,4.168,1.572,26.66,1.917,4383.8,93.51
261,4.169,1.488,25.67,1.899,4623.5,92.66
262,4.164,1.502,26.64,1.908,4586.8,93.06
263,4.161,1.455,26.65,1.875,4637.7,91.48
264,4.152,1.559,26.51,1.897,4387.8,92.54
265,4.159,1.533,25.83,1.904,4459.2,92.89
266,4.156,1.597,26.45,1.894,4271.9,92.38
267,4.171,1.456,25.74,1.922,4753.9,93.77
268,4.159,1.481,26.21,1.891,4616.0,92.25
269,4.16,1.512,26.86,1.901,4545.7,92.71
270,4.162,1.532,26.75,1.906,4487.3,92.97
271,4.16,1.489,26.36,1.918,4630.3,93.58
272,4.168,1.456,25.87,1.889,4684.8,92.16
273,4.156,1.544,26.69,1.915,4462.3,93.4
274,4.16,1.536,26.38,1.903,4437.7,92.81
275,4.155,1.454,25.21,1.892,4676.6,92.31
276,4.152,1.568,26.77,1.906,4379.0,92.99
277,4.155,1.559,26.37,1.903,4414.4,92.84
278,4.158,1.507,26.99,1.895,4523.4,92.43
279,4.156,1.504,25.85,1.901,4526.1,92.73
280,4.155,1.528,24.81,1.896,4468.9,92.49
281,4.151,1.457,26.54,1.9,4698.3,92.71
282,4.157,1.502,26.56,1.905,4572.3,92.95
283,4.15,1.392,25.57,1.914,4967.8,93.38
284,4.161,1.544,25.93,1.886,4417.3,91.98
285,4.158,1.422,27.8,1.919,4846.1,93.6
286,4.15,1.575,26.28,1.878,4278.7,91.59
287,4.155,1.483,26.8,1.895,4577.9,92.44
288,4.153,1.489,26.11,1.902,4611.2,92.78
289,4.158,1.469,25.4,1.898,4682.6,92.61
290,4.163,1.486,26.36,1.889,4571.1,92.14
291,4.147,1.571,26.32,1.893,4332.4,92.32
292,4.157,1.376,26.26,1.889,4973.8,92.16
293,4.155,1.564,26.41,1.888,4356.1,92.09
294,4.159,1.517,26.6,1.902,4522.3,92.77
295,4.157,1.44,26.4,1.896,4718.5,92.51
296,4.152,1.446,25.85,1.886,4707.0,91.98
297,4.154,1.584,26.73,1.901,4302.3,92.73
298,4.151,1.453,25.52,1.895,4672.3,92.42
299,4.161,1.442,25.47,1.899,4733.4,92.64
300,4.155,1.557,26.87,1.897,4374.6,92.53
301,4.164,1.517,26.76,1.882,4461.6,91.8
302,4.154,1.453,26.48,1.884,4638.9,91.91
303,4.151,1.511,25.82,1.897,4538.6,92.52
304,4.147,1.449,26.17,1.895,4731.3,92.43
305,4.145,1.555,26.39,1.888,4332.2,92.1
306,4.146,1.553,25.73,1.889,4398.4,92.15
307,4.155,1.527,26.17,1.9,4464.8,92.69
308,4.156,1.518,26.87,1.881,4477.9,91.76
309,4.146,1.588,27.26,1.892,4287.6,92.29
310,4.158,1.5,26.34,1.884,4522.3,91.9
311,4.151,1.441,26.93,1.883,4701.9,91.88
312,4.154,1.522,25.6,1.896,4507.8,92.5
313,4.161,1.604,26.89,1.893,4223.0,92.34
314,4.157,1.449,26.17,1.892,4712.9,92.31
315,4.151,1.482,26.73,1.897,4630.0,92.53
316,4.148,1.521,26.46,1.884,4473.0,91.88
317,4.142,1.497,27.25,1.89,4590.0,92.18
318,4.149,1.451,26.15,1.879,4652.6,91.68
319,4.151,1.556,26.91,1.885,4380.7,91.96
320,4.147,1.616,26.46,1.88,4186.6,91.72
321,4.151,1.51,26.53,1.882,4512.4,91.81
322,4.152,1.455,26.52,1.887,4668.5,92.03
323,4.15,1.423,26.19,1.872,4729.8,91.32
324,4.148,1.513,26.61,1.901,4549.0,92.72
325,4.152,1.555,26.59,1.869,4317.3,91.19
326,4.153,1.524,26.75,1.867,4382.1,91.06
327,4.145,1.5,26.68,1.89,4526.1,92.2
328,4.158,1.471,27.04,1.886,4629.3,92.0
329,4.15,1.445,27.11,1.884,4719.8,91.89
330,4.151,1.542,26.12,1.883,4400.1,91.87
331,4.154,1.546,27.09,1.877,4397.0,91.54
332,4.151,1.423,26.07,1.867,4697.8,91.09
333,4.155,1.579,26.96,1.877,4268.2,91.54
334,4.151,1.529,26.98,1.869,4394.7,91.15
335,4.147,1.57,25.72,1.885,4319.3,91.94
336,4.151,1.433,26.73,1.873,4707.5,91.37
337,4.144,1.432,26.45,1.866,4705.3,91.01
338,4.15,1.493,26.31,1.87,4502.5,91.24
339,4.149,1.525,27.37,1.877,4434.0,91.58
340,4.148,1.59,26.37,1.867,4227.0,91.08
341,4.148,1.535,26.3,1.864,4352.4,90.93
342,4.139,1.488,26.75,1.874,4532.7,91.43
343,4.146,1.449,27.06,1.874,4653.7,91.41
344,4.149,1.562,26.65,1.866,4298.5,91.02
345,4.149,1.452,27.31,1.866,4627.4,91.02
346,4.143,1.581,27.0,1.872,4264.0,91.34
347,4.154,1.486,25.65,1.855,4486.5,90.5
348,4.143,1.58,26.48,1.855,4253.7,90.5
349,4.152,1.534,26.46,1.862,4345.7,90.81
350,4.15,1.493,26.99,1.866,4485.1,91.04
351,4.144,1.474,25.44,1.871,4625.3,91.27
352,4.156,1.483,28.03,1.882,4548.6,91.82
353,4.141,1.521,27.03,1.876,4411.1,91.5
354,4.151,1.504,26.84,1.865,4479.3,90.98
355,4.152,1.47,27.37,1.866,4527.4,91.03
356,4.143,1.492,27.95,1.856,4473.9,90.53
357,4.153,1.504,27.22,1.865,4507.6,90.98
358,4.145,1.394,27.26,1.862,4779.3,90.83
359,4.148,1.523,26.86,1.868,4375.5,91.11
360,4.147,1.451,26.73,1.856,4574.3,90.53
361,4.145,1.442,26.57,1.869,4682.5,91.16
362,4.15,1.416,26.4,1.879,4799.7,91.64
363,4.15,1.41,26.47,1.862,4742.0,90.81
364,4.137,1.432,26.14,1.866,4704.9,91.04
365,4.152,1.465,26.79,1.869,4621.6,91.16
366,4.137,1.598,25.99,1.857,4221.2,90.61
367,4.15,1.474,26.93,1.863,4546.8,90.89
368,4.15,1.509,26.82,1.861,4393.5,90.77
369,4.139,1.52,26.92,1.861,4391.6,90.79
370,4.142,1.507,26.59,1.852,4417.1,90.34
371,4.139,1.496,28.39,1.86,4469.5,90.71
372,4.143,1.44,27.54,1.864,4655.3,90.92
373,4.143,1.573,26.24,1.873,4310.3,91.37
374,4.148,1.59,26.99,1.868,4253.3,91.11
375,4.15,1.416,26.57,1.879,4774.7,91.67
376,4.151,1.449,26.37,1.85,4617.9,90.22
377,4.141,1.486,26.21,1.866,4526.7,91.0
378,4.142,1.452,27.11,1.858,4609.2,90.65
379,4.135,1.525,26.55,1.878,4450.3,91.6
380,4.139,1.464,27.38,1.847,4545.7,90.12
381,4.148,1.608,27.4,1.847,4175.0,90.09
382,4.151,1.56,27.6,1.849,4238.8,90.18
383,4.136,1.511,26.49,1.833,4358.1,89.42
384,4.139,1.551,27.16,1.849,4287.3,90.18
385,4.142,1.555,27.24,1.846,4281.4,90.04
386,4.144,1.472,26.69,1.855,4561.6,90.47
387,4.138,1.459,26.55,1.856,4578.6,90.54
388,4.144,1.504,27.74,1.871,4450.3,91.27
389,4.139,1.543,27.06,1.861,4359.3,90.8
390,4.141,1.507,27.27,1.846,4424.2,90.03
391,4.144,1.421,26.54,1.842,4627.2,89.85
392,4.141,1.46,26.35,1.855,4575.5,90.51
393,4.139,1.496,26.68,1.837,4387.8,89.61
394,4.14,1.496,26.91,1.868,4481.3,91.12
395,4.14,1.599,26.44,1.861,4173.0,90.79
396,4.139,1.431,26.98,1.844,4656.7,89.96
397,4.139,1.525,26.14,1.831,4324.7,89.33
398,4.148,1.574,26.43,1.862,4230.9,90.81
399,4.143,1.614,27.33,1.847,4137.3,90.07
400,4.139,1.48,27.3,1.86,4495.4,90.71
401,4.143,1.525,26.81,1.831,4329.9,89.31
402,4.138,1.528,26.5,1.84,4318.4,89.78
403,4.145,1.51,26.5,1.846,4394.6,90.05
404,4.141,1.495,26.83,1.846,4455.3,90.05
405,4.139,1.522,27.35,1.841,4364.8,89.79
406,4.141,1.373,27.49,1.851,4878.7,90.29
407,4.131,1.534,26.79,1.834,4301.4,89.45
408,4.133,1.506,26.46,1.843,4409.7,89.88
409,4.133,1.489,27.18,1.845,4451.7,89.99
410,4.139,1.602,26.64,1.848,4156.2,90.16
411,4.147,1.466,26.8,1.85,4550.6,90.24
412,4.149,1.48,27.72,1.831,4452.5,89.32
413,4.141,1.6,27.48,1.827,4074.8,89.1
414,4.14,1.458,27.15,1.854,4583.9,90.45
415,4.129,1.472,26.44,1.844,4516.6,89.97
416,4.135,1.493,27.19,1.833,4407.8,89.43
417,4.134,1.542,27.62,1.856,4306.8,90.53
418,4.134,1.51,26.9,1.841,4417.6,89.81
419,4.136,1.435,27.77,1.851,4653.0,90.31
420,4.135,1.473,27.75,1.84,4490.6,89.74
421,4.127,1.47,27.94,1.859,4531.8,90.7
422,4.14,1.496,27.26,1.856,4449.0,90.53
423,4.131,1.521,27.41,1.835,4369.3,89.53
424,4.138,1.521,27.83,1.847,4375.0,90.11
425,4.147,1.411,27.35,1.844,4691.9,89.93
426,4.132,1.553,26.88,1.85,4298.9,90.26
427,4.123,1.513,26.91,1.827,4331.0,89.1
428,4.134,1.569,27.26,1.843,4257.5,89.89
429,4.141,1.522,26.5,1.846,4392.9,90.05
430,4.145,1.555,27.08,1.817,4198.2,88.66
431,4.129,1.523,27.7,1.823,4295.2,88.92
432,4.138,1.567,26.06,1.814,4114.0,88.48
433,4.133,1.526,27.93,1.831,4290.0,89.33
434,4.134,1.495,27.73,1.841,4405.2,89.79
435,4.148,1.614,26.95,1.848,4125.8,90.15
436,4.127,1.544,27.45,1.833,4267.0,89.43
437,4.136,1.529,27.19,1.849,4326.4,90.17
438,4.137,1.436,27.8,1.818,4551.6,88.69
439,4.14,1.436,27.69,1.814,4560.2,88.51
440,4.134,1.515,26.5,1.831,4361.4,89.29
441,4.135,1.507,27.5,1.835,4343.6,89.49
442,4.132,1.469,27.11,1.83,4481.1,89.27
443,4.135,1.507,27.26,1.809,4294.2,88.25
444,4.132,1.579,26.86,1.829,4186.0,89.2
445,4.136,1.535,28.1,1.816,4275.5,88.59
446,4.131,1.443,27.75,1.835,4561.2,89.53
447,4.135,1.494,26.87,1.832,4397.8,89.37
448,4.133,1.46,26.57,1.819,4475.6,88.71
449,4.138,1.481,27.05,1.822,4386.0,88.9
450,4.132,1.479,27.47,1.817,4427.4,88.61
451,4.123,1.476,27.38,1.826,4448.1,89.08
452,4.139,1.437,27.89,1.836,4618.0,89.56
453,4.128,1.494,27.66,1.816,4355.3,88.59
454,4.129,1.472,27.75,1.831,4464.8,89.3
455,4.129,1.354,27.44,1.82,4810.2,88.77
456,4.138,1.603,26.59,1.817,4061.1,88.63
457,4.121,1.554,27.19,1.823,4199.1,88.94
458,4.147,1.481,27.82,1.814,4428.0,88.47
459,4.136,1.501,27.27,1.818,4346.7,88.69
460,4.132,1.441,27.55,1.811,4526.2,88.35
461,4.131,1.585,27.15,1.842,4177.8,89.88
462,4.132,1.595,26.8,1.823,4089.2,88.92
463,4.133,1.508,27.25,1.815,4330.2,88.54
464,4.134,1.551,27.47,1.824,4244.8,88.97
465,4.133,1.509,27.0,1.82,4318.9,88.79
466,4.131,1.433,27.21,1.819,4584.6,88.72
467,4.129,1.479,26.87,1.827,4428.0,89.11
468,4.129,1.507,27.9,1.828,4357.7,89.16
469,4.129,1.477,27.2,1.814,4432.3,88.51
470,4.135,1.489,28.08,1.814,4371.4,88.47
471,4.132,1.495,28.12,1.816,4373.1,88.6
472,4.114,1.496,27.32,1.796,4314.8,87.59
473,4.132,1.503,26.86,1.803,4322.4,87.95
474,4.13,1.447,26.33,1.832,4509.1,89.34
475,4.129,1.464,26.64,1.834,4472.6,89.46
476,4.127,1.436,26.69,1.815,4562.1,88.52
477,4.134,1.549,28.07,1.822,4256.6,88.9
478,4.133,1.395,27.45,1.819,4678.0,88.75
479,4.124,1.558,27.59,1.847,4263.1,90.08
480,4.13,1.569,26.29,1.827,4196.4,89.11
481,4.123,1.485,26.81,1.814,4411.5,88.48
482,4.121,1.37,27.85,1.805,4703.7,88.06
483,4.124,1.482,27.56,1.798,4350.9,87.72
484,4.132,1.497,27.35,1.816,4361.3,88.59
485,4.132,1.449,27.71,1.806,4499.8,88.1
486,4.13,1.474,28.25,1.799,4443.1,87.76
487,4.131,1.577,27.32,1.806,4120.5,88.12
488,4.129,1.533,27.47,1.802,4202.2,87.89
489,4.123,1.454,27.54,1.829,4537.3,89.22
490,4.129,1.42,28.65,1.821,4641.6,88.81
491,4.13,1.484,26.41,1.811,4397.2,88.36
492,4.13,1.489,27.8,1.826,4395.2,89.06
493,4.132,1.525,27.41,1.811,4295.8,88.36
494,4.129,1.473,27.75,1.802,4415.8,87.89
495,4.128,1.526,27.15,1.825,4286.3,89.03
496,4.131,1.597,27.46,1.815,4099.4,88.53
497,4.125,1.541,27.84,1.799,4222.7,87.74
498,4.121,1.498,29.05,1.807,4367.1,88.14
499,4.124,1.491,27.9,1.8,4344.3,87.79
500,4.121,1.482,27.08,1.794,4350.7,87.52
501,4.121,1.559,27.29,1.817,4220.0,88.63
502,4.124,1.469,27.28,1.826,4452.7,89.09
503,4.121,1.502,26.62,1.793,4305.3,87.46
504,4.123,1.503,27.35,1.812,4314.4,88.4
505,4.115,1.475,27.89,1.8,4413.9,87.79
506,4.125,1.431,26.89,1.801,4524.2,87.85
507,4.124,1.516,28.06,1.799,4298.1,87.78
508,4.12,1.497,27.78,1.796,4330.0,87.63
509,4.127,1.525,27.18,1.805,4236.9,88.06
510,4.128,1.473,27.48,1.796,4416.9,87.61
511,4.115,1.561,28.35,1.807,4197.4,88.13
512,4.119,1.456,27.93,1.803,4475.3,87.95
513,4.119,1.586,27.57,1.801,4073.4,87.84
514,4.118,1.413,27.45,1.794,4565.2,87.5
515,4.127,1.522,27.61,1.797,4253.4,87.64
516,4.122,1.524,27.32,1.81,4261.3,88.28
517,4.121,1.46,26.53,1.807,4488.1,88.13
518,4.112,1.521,28.61,1.792,4242.7,87.39
519,4.125,1.564,27.67,1.802,4093.8,87.9
520,4.116,1.389,27.8,1.808,4692.6,88.2
521,4.122,1.525,27.58,1.784,4203.1,87.0
522,4.123,1.375,27.24,1.805,4724.0,88.07
523,4.128,1.452,27.52,1.793,4438.7,87.46
524,4.115,1.581,26.82,1.805,4124.7,88.04
525,4.106,1.471,28.76,1.791,4406.2,87.37
526,4.122,1.441,27.01,1.78,4452.6,86.85
527,4.13,1.49,27.12,1.782,4297.9,86.92
528,4.127,1.603,27.42,1.798,4036.6,87.72
529,4.122,1.408,28.29,1.8,4601.2,87.8
530,4.118,1.447,27.66,1.788,4430.9,87.22
531,4.124,1.575,27.04,1.803,4133.1,87.95
532,4.115,1.593,28.29,1.78,4031.3,86.81
533,4.122,1.495,28.03,1.795,4354.3,87.57
534,4.122,1.438,27.94,1.783,4489.8,87.0
535,4.125,1.605,28.03,1.789,3998.8,87.25
536,4.133,1.58,28.88,1.795,4107.7,87.58
537,4.121,1.534,28.78,1.786,4172.2,87.12
538,4.117,1.459,27.35,1.79,4430.1,87.33
539,4.119,1.498,28.51,1.804,4325.9,87.99
540,4.11,1.492,27.89,1.788,4292.9,87.2
541,4.115,1.517,27.95,1.801,4281.8,87.87
542,4.117,1.573,26.86,1.781,4024.6,86.9
543,4.116,1.544,27.63,1.798,4156.4,87.69
544,4.119,1.446,27.31,1.806,4493.2,88.12
545,4.114,1.569,28.14,1.767,4056.1,86.19
546,4.124,1.516,28.27,1.783,4228.3,86.99
547,4.118,1.534,26.7,1.797,4183.9,87.64
548,4.118,1.573,27.73,1.789,4076.0,87.24
549,4.116,1.444,28.31,1.794,4478.8,87.51
550,4.118,1.498,27.66,1.784,4297.8,87.01
551,4.121,1.473,28.12,1.79,4374.0,87.33
552,4.113,1.422,27.94,1.788,4549.9,87.2
553,4.114,1.517,27.94,1.8,4279.6,87.83
554,4.115,1.626,27.63,1.791,3951.3,87.36
555,4.11,1.408,27.17,1.791,4574.8,87.39
556,4.113,1.498,27.22,1.784,4257.2,87.0
557,4.114,1.532,28.14,1.782,4186.3,86.95
558,4.121,1.506,27.8,1.783,4283.2,86.96
559,4.117,1.494,27.73,1.791,4327.4,87.35
560,4.117,1.435,27.59,1.782,4498.7,86.93
561,4.12,1.512,27.65,1.789,4254.1,87.26
562,4.115,1.462,28.33,1.806,4474.3,88.11
563,4.118,1.391,27.65,1.794,4640.7,87.51
564,4.115,1.56,27.15,1.782,4141.6,86.91
565,4.117,1.548,28.2,1.797,4177.8,87.64
566,4.112,1.503,27.73,1.78,4279.1,86.83
567,4.103,1.511,27.85,1.763,4229.7,86.02
568,4.114,1.554,28.64,1.773,4105.2,86.51
569,4.122,1.511,27.83,1.764,4207.6,86.07
570,4.119,1.545,27.99,1.779,4171.1,86.79
571,4.119,1.485,27.27,1.783,4318.5,86.96
572,4.12,1.566,27.75,1.799,4110.0,87.75
573,4.114,1.516,28.17,1.785,4281.6,87.07
574,4.115,1.51,27.09,1.779,4233.3,86.79
575,4.111,1.436,27.98,1.789,4487.5,87.29
576,4.112,1.514,27.93,1.759,4203.8,85.79
577,4.117,1.458,27.91,1.783,4388.4,86.96
578,4.119,1.468,28.41,1.788,4363.7,87.21
579,4.112,1.459,28.06,1.765,4359.2,86.09
580,4.111,1.447,28.64,1.791,4420.4,87.35
581,4.113,1.606,27.41,1.782,3989.0,86.95
582,4.116,1.567,27.98,1.774,4082.7,86.56
583,4.105,1.596,27.96,1.785,4020.0,87.06
584,4.101,1.439,27.39,1.801,4474.4,87.84
585,4.109,1.504,28.4,1.779,4292.4,86.8
586,4.106,1.435,29.09,1.78,4466.0,86.82
587,4.109,1.465,27.93,1.772,4383.2,86.46
588,4.111,1.454,28.19,1.768,4372.2,86.25
589,4.109,1.562,27.99,1.785,4095.4,87.05
590,4.119,1.48,27.59,1.767,4303.8,86.21
591,4.113,1.553,27.04,1.776,4112.2,86.65
592,4.113,1.53,27.61,1.77,4141.7,86.36
593,4.114,1.615,27.27,1.78,3996.0,86.81
594,4.105,1.426,28.82,1.778,4475.8,86.73
595,4.116,1.563,27.92,1.785,4073.7,87.05
596,4.11,1.557,27.81,1.769,4115.4,86.28
597,4.114,1.451,28.43,1.771,4382.4,86.38
598,4.105,1.55,27.43,1.763,4082.6,86.02
599,4.102,1.517,27.61,1.768,4161.9,86.26
600,4.114,1.489,28.03,1.776,4330.5,86.65
601,4.112,1.459,28.52,1.78,4366.2,86.82
602,4.105,1.464,28.26,1.763,4335.4,85.98
603,4.105,1.602,28.14,1.78,4017.5,86.84
604,4.115,1.5,28.06,1.785,4291.7,87.06
605,4.103,1.539,28.23,1.775,4150.5,86.58
606,4.117,1.46,28.13,1.789,4376.5,87.28
607,4.104,1.461,27.52,1.762,4326.5,85.97
608,4.112,1.554,28.06,1.757,4074.7,85.73
609,4.107,1.433,27.51,1.752,4386.4,85.45
610,4.112,1.479,28.09,1.784,4346.1,87.03
611,4.106,1.502,27.81,1.775,4269.7,86.6
612,4.107,1.506,29.33,1.768,4246.6,86.24
613,4.108,1.491,28.05,1.771,4251.3,86.39
614,4.103,1.52,27.37,1.757,4204.8,85.69
615,4.111,1.535,28.01,1.792,4219.0,87.41
616,4.105,1.537,28.34,1.768,4142.8,86.27
617,4.106,1.451,28.92,1.768,4409.0,86.24
618,4.102,1.486,27.8,1.774,4345.0,86.52
619,4.094,1.56,27.3,1.771,4058.8,86.39
620,4.106,1.545,28.51,1.768,4116.0,86.25
621,4.119,1.431,27.41,1.758,4373.0,85.74
622,4.111,1.518,27.89,1.77,4202.4,86.34
623,4.106,1.401,27.99,1.784,4590.3,87.01
624,4.105,1.502,28.09,1.778,4259.7,86.73
625,4.106,1.595,28.47,1.78,4005.0,86.84
626,4.109,1.453,27.79,1.759,4317.7,85.79
627,4.1,1.458,28.0,1.754,4336.6,85.54
628,4.111,1.538,28.13,1.762,4152.7,85.95
629,4.109,1.423,28.22,1.763,4449.9,86.02
630,4.109,1.468,28.2,1.773,4356.9,86.51
631,4.108,1.53,28.37,1.745,4075.7,85.14
632,4.105,1.468,28.58,1.777,4366.5,86.69
633,4.108,1.488,28.36,1.76,4249.6,85.85
634,4.108,1.537,28.4,1.757,4099.4,85.71
635,4.103,1.521,27.38,1.751,4128.5,85.4
636,4.102,1.513,28.21,1.744,4140.9,85.07
637,4.105,1.483,28.42,1.768,4300.6,86.27
638,4.112,1.519,28.55,1.761,4147.9,85.89
639,4.098,1.494,27.85,1.747,4201.5,85.21
640,4.097,1.523,27.87,1.746,4127.4,85.19
641,4.105,1.475,27.92,1.756,4262.4,85.64
642,4.104,1.491,28.48,1.775,4322.8,86.6
643,4.104,1.451,28.73,1.756,4340.4,85.64
644,4.105,1.498,28.02,1.743,4174.6,85.02
645,4.102,1.459,28.68,1.755,4310.0,85.62
646,4.111,1.444,28.29,1.755,4409.5,85.59
647,4.095,1.513,28.17,1.73,4127.7,84.39
648,4.099,1.511,28.13,1.756,4166.4,85.67
649,4.102,1.539,28.62,1.754,4124.8,85.56
650,4.094,1.478,28.41,1.763,4297.0,86.0
651,4.101,1.52,29.39,1.774,4206.1,86.55
652,4.111,1.528,27.83,1.767,4156.7,86.18
653,4.102,1.522,28.52,1.752,4129.3,85.48
654,4.103,1.459,28.01,1.744,4310.1,85.06
655,4.095,1.507,27.84,1.78,4240.4,86.84
656,4.099,1.518,28.27,1.755,4197.2,85.6
657,4.1,1.5,28.35,1.754,4183.1,85.56
658,4.1,1.396,29.75,1.753,4553.1,85.52
659,4.108,1.508,28.2,1.755,4187.7,85.62
660,4.104,1.611,27.73,1.751,3920.7,85.44
661,4.095,1.482,28.44,1.747,4259.9,85.21
662,4.102,1.464,27.27,1.747,4283.9,85.21
663,4.103,1.519,28.27,1.752,4169.4,85.44
664,4.106,1.516,28.33,1.746,4093.4,85.18
665,4.108,1.56,28.72,1.744,4011.5,85.08
666,4.095,1.437,28.82,1.752,4370.4,85.46
667,4.096,1.537,28.08,1.748,4070.5,85.27
668,4.094,1.53,28.26,1.765,4150.8,86.12
669,4.098,1.493,27.96,1.724,4163.8,84.07
670,4.102,1.517,27.79,1.761,4192.4,85.88
671,4.104,1.551,28.51,1.762,4093.0,85.94
672,4.099,1.544,27.72,1.728,4017.5,84.31
673,4.097,1.443,28.16,1.745,4362.1,85.14
674,4.1,1.541,27.87,1.745,4078.4,85.11
675,4.095,1.497,28.65,1.734,4189.4,84.59
676,4.109,1.504,29.28,1.74,4181.5,84.88
677,4.09,1.504,27.73,1.736,4157.8,84.7
678,4.099,1.492,27.46,1.765,4238.7,86.08
679,4.108,1.56,28.33,1.756,4040.9,85.67
680,4.098,1.496,28.41,1.759,4223.1,85.82
681,4.097,1.444,28.51,1.753,4365.2,85.54
682,4.096,1.48,28.19,1.735,4223.9,84.62
683,4.097,1.509,28.31,1.74,4166.5,84.9
684,4.104,1.561,28.6,1.75,4034.2,85.38
685,4.086,1.53,28.95,1.733,4077.1,84.53
686,4.105,1.457,27.45,1.752,4329.9,85.46
687,4.09,1.624,28.25,1.742,3850.6,84.98
688,4.095,1.513,28.55,1.74,4121.8,84.89
689,4.095,1.564,27.99,1.751,3995.7,85.41
690,4.099,1.492,29.32,1.748,4202.4,85.26
691,4.088,1.527,28.14,1.74,4111.5,84.86
692,4.099,1.542,28.44,1.754,4082.0,85.58
693,4.106,1.561,28.74,1.732,3989.2,84.47
694,4.089,1.553,28.17,1.748,4062.6,85.29
695,4.097,1.544,27.55,1.748,4086.8,85.26
696,4.092,1.484,28.27,1.739,4195.2,84.81
697,4.098,1.471,29.0,1.745,4288.3,85.1
698,4.095,1.517,28.32,1.729,4125.5,84.32
699,4.092,1.547,28.07,1.75,4050.6,85.36
700,4.097,1.489,28.96,1.739,4187.3,84.81
701,4.104,1.553,28.34,1.735,4044.7,84.63
702,4.094,1.573,28.25,1.75,4003.7,85.38
703,4.098,1.454,28.59,1.732,4244.5,84.51
704,4.088,1.458,28.91,1.725,4231.1,84.15
705,4.089,1.493,29.72,1.723,4150.4,84.06
706,4.096,1.515,28.94,1.745,4121.4,85.1
707,4.101,1.474,29.11,1.725,4206.5,84.17
708,4.096,1.568,28.29,1.756,4032.2,85.63
709,4.092,1.521,28.03,1.717,4092.2,83.75
710,4.093,1.502,28.58,1.754,4199.0,85.58
711,4.087,1.428,28.61,1.739,4405.3,84.84
712,4.096,1.434,28.02,1.736,4385.6,84.67
713,4.097,1.514,28.48,1.731,4144.5,84.44
714,4.091,1.393,28.77,1.74,4501.6,84.89
715,4.09,1.551,28.76,1.735,3989.9,84.66
716,4.094,1.492,28.83,1.747,4223.2,85.2
717,4.09,1.662,28.73,1.736,3781.8,84.7
718,4.092,1.615,28.34,1.736,3868.2,84.71
719,4.103,1.491,28.34,1.731,4214.6,84.44
720,4.091,1.495,28.0,1.734,4193.1,84.57
721,4.09,1.55,29.5,1.737,4046.6,84.74
722,4.088,1.585,28.62,1.717,3920.4,83.74
723,4.095,1.418,28.5,1.72,4373.0,83.9
724,4.09,1.411,28.16,1.741,4392.1,84.91
725,4.088,1.469,30.09,1.735,4241.1,84.61
726,4.098,1.529,28.09,1.731,4098.5,84.43
727,4.098,1.525,28.42,1.732,4074.0,84.51
728,4.088,1.553,28.85,1.735,4017.2,84.66
729,4.081,1.44,28.95,1.726,4294.7,84.21
730,4.096,1.384,29.13,1.724,4518.4,84.08
731,4.087,1.543,29.56,1.733,4077.3,84.54
732,4.094,1.459,28.91,1.721,4230.0,83.95
733,4.08,1.399,28.14,1.735,4466.2,84.61
734,4.094,1.507,28.54,1.713,4078.2,83.57
735,4.084,1.54,28.83,1.74,4081.2,84.89
736,4.093,1.494,29.71,1.734,4189.6,84.6
737,4.09,1.477,27.99,1.732,4237.1,84.48
738,4.085,1.492,29.29,1.739,4202.1,84.82
739,4.087,1.481,28.78,1.745,4300.0,85.14
740,4.092,1.433,29.12,1.739,4348.3,84.81
741,4.089,1.464,28.65,1.71,4169.3,83.4
742,4.092,1.526,28.29,1.715,4037.9,83.66
743,4.098,1.516,29.09,1.721,4055.9,83.97
744,4.081,1.508,29.05,1.728,4093.1,84.27
745,4.096,1.45,29.21,1.732,4279.7,84.49
746,4.089,1.491,28.72,1.719,4133.3,83.87
747,4.083,1.391,28.44,1.728,4453.3,84.3
748,4.081,1.509,27.96,1.719,4110.5,83.83
749,4.087,1.571,29.15,1.72,3929.5,83.89
750,4.092,1.426,28.96,1.711,4316.1,83.48
751,4.087,1.471,28.27,1.716,4218.3,83.71
752,4.095,1.516,28.49,1.711,4047.5,83.48
753,4.08,1.563,28.53,1.715,3945.4,83.65
754,4.087,1.478,28.03,1.735,4234.2,84.63
755,4.08,1.465,28.37,1.715,4173.3,83.64
756,4.088,1.402,28.21,1.75,4447.5,85.37
757,4.091,1.505,28.58,1.728,4140.9,84.31
758,4.084,1.602,28.42,1.725,3886.1,84.15
759,4.073,1.514,27.98,1.714,4118.0,83.63
760,4.087,1.499,29.81,1.73,4157.3,84.37
761,4.088,1.516,29.43,1.717,4092.4,83.74
762,4.088,1.499,28.42,1.723,4133.4,84.06
763,4.092,1.459,28.95,1.747,4316.4,85.24
764,4.08,1.541,29.03,1.721,4052.3,83.93
765,4.089,1.511,29.42,1.733,4084.9,84.52
766,4.091,1.501,28.42,1.714,4119.1,83.6
767,4.076,1.451,29.38,1.72,4310.1,83.92
768,4.086,1.565,28.57,1.738,4003.2,84.78
769,4.082,1.533,28.18,1.714,4056.9,83.6
770,4.084,1.472,29.21,1.738,4236.6,84.77
771,4.086,1.55,29.5,1.727,4009.2,84.22
772,4.082,1.475,30.15,1.714,4182.6,83.59
773,4.081,1.461,28.27,1.725,4207.0,84.16
774,4.084,1.462,29.22,1.728,4232.4,84.31
775,4.078,1.411,28.67,1.725,4376.7,84.12
776,4.078,1.524,29.27,1.702,4038.9,83.04
777,4.087,1.408,28.15,1.71,4389.5,83.44
778,4.078,1.439,28.26,1.715,4298.2,83.66
779,4.086,1.396,28.51,1.716,4442.2,83.73
780,4.085,1.496,28.94,1.723,4144.1,84.05
781,4.074,1.492,28.58,1.718,4169.0,83.83
782,4.079,1.484,29.24,1.703,4132.4,83.07
783,4.089,1.448,29.43,1.72,4277.5,83.9
784,4.077,1.441,29.22,1.722,4295.3,84.0
785,4.08,1.523,29.73,1.721,4081.4,83.96
786,4.084,1.472,29.14,1.726,4211.5,84.2
787,4.086,1.516,28.33,1.723,4112.3,84.06
788,4.081,1.456,29.62,1.719,4229.1,83.87
789,4.079,1.509,28.64,1.714,4066.2,83.59
790,4.089,1.565,29.41,1.698,3918.1,82.81
791,4.09,1.529,29.74,1.718,4042.7,83.81
792,4.086,1.479,29.19,1.716,4165.8,83.69
793,4.081,1.513,28.22,1.716,4101.2,83.71
794,4.077,1.488,28.51,1.7,4101.4,82.94
795,4.077,1.5,29.64,1.702,4079.5,83.02
796,4.083,1.484,28.9,1.723,4208.5,84.05
797,4.083,1.492,29.02,1.712,4161.7,83.5
798,4.087,1.511,29.37,1.719,4127.4,83.84
799,4.083,1.45,29.34,1.712,4243.6,83.51
800,4.072,1.449,29.14,1.712,4276.5,83.49
801,4.085,1.431,28.9,1.72,4310.5,83.92
802,4.075,1.42,28.85,1.706,4306.0,83.2
803,4.078,1.439,29.44,1.711,4234.2,83.49
804,4.081,1.508,29.3,1.706,4105.3,83.2
805,4.089,1.455,28.9,1.706,4201.8,83.2
806,4.095,1.526,29.57,1.707,4024.3,83.25
807,4.082,1.502,28.97,1.712,4085.0,83.49
808,4.078,1.402,28.61,1.704,4391.6,83.14
809,4.081,1.533,28.67,1.721,4035.6,83.97
810,4.083,1.541,28.56,1.7,3945.7,82.91
811,4.077,1.45,28.92,1.706,4244.6,83.24
812,4.087,1.521,29.68,1.704,4003.6,83.1
813,4.079,1.457,28.66,1.722,4238.1,84.01
814,4.08,1.505,29.16,1.709,4047.3,83.39
815,4.081,1.437,28.75,1.718,4275.0,83.78
816,4.08,1.41,28.95,1.692,4322.8,82.54
817,4.082,1.481,28.33,1.709,4116.2,83.38
818,4.074,1.494,28.98,1.715,4104.2,83.67
819,4.074,1.48,29.0,1.707,4151.7,83.27
820,4.071,1.441,29.37,1.717,4278.1,83.73
821,4.079,1.48,29.22,1.7,4176.0,82.95
822,4.081,1.513,28.51,1.719,4126.6,83.87
823,4.079,1.498,29.66,1.728,4136.2,84.29
824,4.085,1.509,29.23,1.701,4069.2,82.98
825,4.076,1.466,29.22,1.7,4188.3,82.93
826,4.079,1.559,29.13,1.719,3958.1,83.84
827,4.07,1.441,28.88,1.72,4266.0,83.89
828,4.074,1.524,29.25,1.698,4010.9,82.85
829,4.079,1.559,29.38,1.699,3920.1,82.89
830,4.08,1.524,28.28,1.7,4007.7,82.94
831,4.074,1.49,28.89,1.689,4091.1,82.41
832,4.075,1.474,29.03,1.693,4122.1,82.61
833,4.067,1.552,29.29,1.692,3903.0,82.55
834,4.073,1.429,29.77,1.694,4271.3,82.65
835,4.079,1.451,28.79,1.701,4227.8,83.0
836,4.077,1.48,28.93,1.704,4120.8,83.12
837,4.077,1.562,28.93,1.717,3975.6,83.75
838,4.075,1.519,28.79,1.691,3972.4,82.49
839,4.074,1.452,29.02,1.711,4230.8,83.44
840,4.071,1.484,29.59,1.698,4113.5,82.85
841,4.077,1.469,28.68,1.7,4151.9,82.91
842,4.076,1.465,29.42,1.707,4184.1,83.25
843,4.076,1.549,28.36,1.688,3961.7,82.36
844,4.071,1.431,28.94,1.703,4266.7,83.09
845,4.062,1.58,29.06,1.701,3923.1,82.97
846,4.079,1.541,30.07,1.704,3988.1,83.11
847,4.071,1.555,29.1,1.702,3942.3,83.0
848,4.068,1.477,28.14,1.723,4209.4,84.05
849,4.076,1.493,28.25,1.692,4131.2,82.52
850,4.071,1.428,29.27,1.693,4246.0,82.56
851,4.078,1.474,29.56,1.691,4109.1,82.51
852,4.075,1.525,29.45,1.692,3979.4,82.53
853,4.075,1.565,29.35,1.691,3890.3,82.47
854,4.065,1.445,29.85,1.709,4223.5,83.35
855,4.078,1.482,29.01,1.711,4156.9,83.45
856,4.073,1.492,29.73,1.691,4111.8,82.47
857,4.07,1.43,28.47,1.688,4251.2,82.33
858,4.072,1.53,28.84,1.7,3996.4,82.95
859,4.062,1.464,28.39,1.69,4143.9,82.44
860,4.073,1.49,29.16,1.702,4128.5,83.0
861,4.066,1.477,29.28,1.697,4118.6,82.78
862,4.064,1.461,29.37,1.68,4176.8,81.93
863,4.063,1.5,29.35,1.71,4143.5,83.41
864,4.076,1.489,28.86,1.712,4144.1,83.52
865,4.067,1.481,29.23,1.688,4101.4,82.33
866,4.078,1.464,28.58,1.69,4177.1,82.43
867,4.067,1.516,30.02,1.696,4050.1,82.75
868,4.061,1.583,29.19,1.697,3842.8,82.76
869,4.064,1.507,29.1,1.699,4049.3,82.9
870,4.076,1.55,30.14,1.713,3952.1,83.55
871,4.069,1.43,28.73,1.691,4262.9,82.47
872,4.066,1.508,28.8,1.684,4034.2,82.15
873,4.07,1.445,28.82,1.678,4153.3,81.86
874,4.071,1.426,29.34,1.684,4242.6,82.16
875,4.074,1.463,29.59,1.691,4134.1,82.49
876,4.076,1.56,29.75,1.709,3927.0,83.37
877,4.067,1.548,30.67,1.686,3932.5,82.23
878,4.062,1.512,28.27,1.693,4015.5,82.58
879,4.066,1.423,29.7,1.69,4268.8,82.45
880,4.069,1.49,29.12,1.702,4079.1,83.02
881,4.063,1.515,29.11,1.715,4079.0,83.66
882,4.063,1.509,29.1,1.684,4017.9,82.16
883,4.069,1.408,28.96,1.684,4292.8,82.17
884,4.067,1.455,30.26,1.7,4199.8,82.9
885,4.067,1.497,29.85,1.696,4081.8,82.71
886,4.063,1.527,29.44,1.707,4008.6,83.27
887,4.066,1.39,30.11,1.694,4357.6,82.64
888,4.062,1.492,28.68,1.684,4100.8,82.17
889,4.071,1.507,28.78,1.694,4033.0,82.62
890,4.072,1.542,28.36,1.699,3962.5,82.86
891,4.057,1.535,29.11,1.696,3997.6,82.71
892,4.062,1.529,29.54,1.692,4054.3,82.54
893,4.059,1.46,29.52,1.697,4160.6,82.8
894,4.063,1.405,29.54,1.698,4361.6,82.84
895,4.065,1.48,28.77,1.7,4120.3,82.93
896,4.058,1.55,29.88,1.693,3920.1,82.56
897,4.061,1.57,29.6,1.684,3848.1,82.15
898,4.06,1.536,29.86,1.687,3932.6,82.29
899,4.066,1.521,28.55,1.697,4015.4,82.8
900,4.065,1.519,29.66,1.677,3944.7,81.8
901,4.061,1.472,28.91,1.688,4147.8,82.36
902,4.066,1.493,29.31,1.681,4052.1,81.98
903,4.062,1.583,29.78,1.685,3838.4,82.17
904,4.063,1.453,29.57,1.697,4195.2,82.77
905,4.073,1.581,29.1,1.686,3831.7,82.23
906,4.071,1.484,29.53,1.684,4091.2,82.15
907,4.057,1.566,28.77,1.67,3814.4,81.45
908,4.068,1.43,30.12,1.691,4249.7,82.46
909,4.068,1.529,29.44,1.689,3959.4,82.4
910,4.058,1.463,30.11,1.704,4175.2,83.13
911,4.067,1.429,29.29,1.679,4187.5,81.91
912,4.071,1.511,29.3,1.684,4039.8,82.16
913,4.057,1.55,29.18,1.684,3897.0,82.16
914,4.058,1.458,30.01,1.697,4214.9,82.8
915,4.068,1.425,29.22,1.68,4266.4,81.97
916,4.064,1.495,29.9,1.684,4028.0,82.14
917,4.065,1.496,29.39,1.687,4038.6,82.29
918,4.064,1.527,28.6,1.682,4016.6,82.07
919,4.064,1.547,29.31,1.676,3933.7,81.75
920,4.055,1.497,29.01,1.682,4044.3,82.05
921,4.067,1.593,29.62,1.691,3826.2,82.47
922,4.068,1.511,29.01,1.669,3964.1,81.43
923,4.06,1.483,30.08,1.681,4089.4,81.98
924,4.061,1.419,29.57,1.672,4226.5,81.57
925,4.054,1.487,29.54,1.691,4053.2,82.48
926,4.064,1.483,29.96,1.663,4011.0,81.14
927,4.064,1.548,30.12,1.673,3890.6,81.6
928,4.06,1.523,29.63,1.682,3952.7,82.04
929,4.066,1.441,29.26,1.694,4229.5,82.61
930,4.059,1.509,28.76,1.677,3980.3,81.8
931,4.063,1.534,29.31,1.672,3909.0,81.55
932,4.055,1.576,29.35,1.696,3890.1,82.73
933,4.06,1.544,29.72,1.662,3880.2,81.09
934,4.059,1.538,29.5,1.655,3872.8,80.72
935,4.061,1.503,30.02,1.681,4043.5,81.99
936,4.058,1.519,29.37,1.671,3969.2,81.52
937,4.059,1.562,29.66,1.666,3866.9,81.26
938,4.063,1.433,30.28,1.683,4217.3,82.09
939,4.057,1.483,29.87,1.678,4065.9,81.85
940,4.051,1.461,29.67,1.67,4086.9,81.44
941,4.068,1.519,29.4,1.662,3930.9,81.08
942,4.066,1.562,29.39,1.683,3900.5,82.12
943,4.052,1.47,29.29,1.681,4142.4,82.0
944,4.062,1.38,29.45,1.673,4382.8,81.62
945,4.056,1.479,30.1,1.693,4082.7,82.56
946,4.059,1.546,29.62,1.663,3895.2,81.13
947,4.059,1.527,29.06,1.658,3873.1,80.89
948,4.057,1.521,30.62,1.666,3961.0,81.29
949,4.054,1.486,29.9,1.673,4044.8,81.59
950,4.054,1.436,29.05,1.675,4213.8,81.72
951,4.053,1.526,29.53,1.67,3914.1,81.47
952,4.053,1.458,29.82,1.676,4160.6,81.75
953,4.057,1.609,30.62,1.66,3683.5,80.96
954,4.053,1.529,29.22,1.686,3958.3,82.26
955,4.06,1.471,30.26,1.671,4069.2,81.5
956,4.064,1.469,30.48,1.683,4087.2,82.08
957,4.054,1.495,29.47,1.675,4033.5,81.69
958,4.057,1.488,29.65,1.676,4089.7,81.73
959,4.059,1.556,29.28,1.676,3932.3,81.78
960,4.058,1.509,29.7,1.675,3997.0,81.71
961,4.056,1.463,29.79,1.677,4146.9,81.79
962,4.059,1.595,30.14,1.683,3805.1,82.11
963,4.058,1.502,30.36,1.672,4015.6,81.55
964,4.049,1.538,29.45,1.677,3916.5,81.79
965,4.06,1.47,28.84,1.668,4090.9,81.39
966,4.06,1.518,29.82,1.683,4002.8,82.12
967,4.051,1.516,29.98,1.662,3936.5,81.08
968,4.055,1.406,29.96,1.687,4318.4,82.27
969,4.058,1.601,29.68,1.668,3750.0,81.36
970,4.053,1.565,29.91,1.654,3822.0,80.67
971,4.06,1.48,30.61,1.669,4038.5,81.42
972,4.066,1.445,30.05,1.661,4137.1,81.02
973,4.05,1.517,29.68,1.676,4014.2,81.75
974,4.047,1.504,29.62,1.661,3997.4,81.01
975,4.055,1.518,29.79,1.663,3970.3,81.1
976,4.057,1.51,30.7,1.648,3930.2,80.38
977,4.052,1.525,29.79,1.662,3929.0,81.07
978,4.061,1.572,29.88,1.642,3779.6,80.1
979,4.046,1.528,29.65,1.65,3918.1,80.5
980,4.056,1.448,30.45,1.673,4122.8,81.63
981,4.05,1.568,30.88,1.673,3815.5,81.63
982,4.061,1.582,30.14,1.67,3825.5,81.44
983,4.063,1.658,29.96,1.655,3589.8,80.75
984,4.049,1.444,29.94,1.664,4136.6,81.19
985,4.05,1.512,28.73,1.665,3937.9,81.2
986,4.056,1.396,30.3,1.653,4251.6,80.63
987,4.05,1.528,30.0,1.679,3929.2,81.91
988,4.052,1.473,30.15,1.673,4131.1,81.6
989,4.052,1.596,29.59,1.662,3747.0,81.05
990,4.042,1.461,29.76,1.664,4097.8,81.16
991,4.051,1.416,29.75,1.665,4247.1,81.24
992,4.048,1.476,30.47,1.643,4024.5,80.13
993,4.049,1.401,29.78,1.66,4284.7,80.99
994,4.058,1.538,31.01,1.656,3898.3,80.77
995,4.044,1.397,30.19,1.652,4246.2,80.6
996,4.055,1.501,29.34,1.659,3972.7,80.94
997,4.049,1.396,29.92,1.68,4347.2,81.95
998,4.049,1.484,29.66,1.668,4036.1,81.37
999,4.054,1.582,28.9,1.656,3767.3,80.77
1000,4.052,1.518,30.8,1.667,3961.2,81.32
1001,4.053,1.457,30.36,1.675,4154.9,81.71
1002,4.055,1.498,30.28,1.67,3976.7,81.47
1003,4.048,1.501,30.1,1.661,3998.7,81.03
1004,4.046,1.524,29.33,1.654,3903.1,80.68
1005,4.044,1.432,29.78,1.667,4206.2,81.32
1006,4.045,1.53,30.45,1.664,3931.4,81.16
1007,4.064,1.365,29.51,1.669,4433.6,81.4
1008,4.055,1.469,28.77,1.666,4110.7,81.26
1009,4.042,1.476,29.93,1.67,4100.5,81.45
1010,4.042,1.532,29.98,1.654,3915.6,80.67
1011,4.051,1.501,30.12,1.672,4015.5,81.56
1012,4.051,1.43,30.42,1.661,4181.8,81.0
1013,4.051,1.451,30.38,1.679,4184.0,81.91
1014,4.047,1.51,30.2,1.651,3951.5,80.55
1015,4.047,1.496,30.67,1.675,4025.0,81.72
1016,4.049,1.471,29.32,1.66,4069.6,80.96
1017,4.048,1.476,30.34,1.651,4026.0,80.53
1018,4.036,1.535,30.4,1.652,3858.7,80.6
1019,4.046,1.474,29.48,1.654,4064.6,80.67
1020,4.043,1.496,29.35,1.661,3999.3,81.02
1021,4.048,1.608,29.73,1.662,3760.2,81.06
1022,4.062,1.429,29.78,1.651,4126.3,80.52
1023,4.048,1.407,30.49,1.656,4224.4,80.77
1024,4.045,1.539,29.81,1.677,3923.7,81.82
1025,4.051,1.466,29.7,1.673,4130.7,81.61
1026,4.049,1.484,29.82,1.66,4034.2,80.97
1027,4.048,1.461,30.69,1.656,4085.9,80.76
1028,4.049,1.487,30.15,1.656,3987.1,80.79
1029,4.056,1.58,30.06,1.661,3761.4,81.02
1030,4.04,1.54,30.09,1.644,3850.1,80.21
1031,4.048,1.543,30.8,1.652,3826.2,80.57
1032,4.041,1.429,29.79,1.637,4113.9,79.87
1033,4.048,1.442,30.82,1.658,4147.7,80.87
1034,4.04,1.358,30.28,1.66,4381.2,80.98
1035,4.043,1.46,30.09,1.649,4098.5,80.42
1036,4.043,1.548,31.43,1.669,3906.3,81.41
1037,4.049,1.526,29.66,1.641,3839.7,80.04
1038,4.049,1.489,30.01,1.638,3942.2,79.91
1039,4.038,1.499,29.58,1.655,3928.8,80.72
1040,4.044,1.466,30.68,1.663,4069.0,81.11
1041,4.04,1.51,31.05,1.669,3993.8,81.41
1042,4.037,1.538,31.04,1.647,3846.9,80.36
1043,4.042,1.419,30.83,1.663,4226.4,81.1
1044,4.042,1.515,30.12,1.651,3893.1,80.54
1045,4.055,1.547,30.04,1.65,3855.6,80.47
1046,4.045,1.479,29.39,1.66,4028.6,80.97
1047,4.036,1.535,31.25,1.657,3887.2,80.85
1048,4.04,1.641,30.47,1.635,3585.3,79.75
1049,4.048,1.495,30.0,1.665,3985.0,81.23
1050,4.053,1.52,30.91,1.664,3918.9,81.17
1051,4.034,1.463,29.77,1.644,4063.8,80.18
1052,4.033,1.509,30.46,1.654,3953.1,80.67
1053,4.051,1.523,30.18,1.655,3931.8,80.71
1054,4.044,1.51,30.59,1.652,3945.6,80.58
1055,4.037,1.449,30.24,1.644,4086.4,80.18
1056,4.044,1.51,29.55,1.642,3879.9,80.11
1057,4.028,1.573,30.32,1.648,3767.0,80.41
1058,4.041,1.522,30.81,1.66,3925.3,80.99
1059,4.043,1.548,30.28,1.654,3884.7,80.67
1060,4.046,1.488,30.69,1.644,3991.6,80.21
1061,4.036,1.537,29.78,1.656,3907.2,80.76
1062,4.041,1.514,30.3,1.619,3862.1,78.98
1063,4.036,1.452,30.0,1.659,4097.5,80.92
1064,4.042,1.516,30.69,1.63,3872.8,79.5
1065,4.036,1.45,30.34,1.643,4083.7,80.17
1066,4.038,1.468,30.68,1.636,3991.3,79.79
1067,4.035,1.509,30.88,1.634,3888.5,79.69
1068,4.043,1.515,30.69,1.658,3936.0,80.88
1069,4.044,1.441,30.48,1.641,4134.3,80.07
1070,4.038,1.553,29.85,1.649,3782.6,80.46
1071,4.04,1.529,30.35,1.645,3898.9,80.26
1072,4.032,1.465,30.09,1.65,4037.3,80.5
1073,4.038,1.423,30.19,1.646,4136.6,80.3
1074,4.039,1.493,30.18,1.632,3960.1,79.62
1075,4.052,1.478,29.89,1.655,4046.2,80.72
1076,4.033,1.506,29.4,1.64,3945.7,79.99
1077,4.046,1.482,30.05,1.629,3973.3,79.46
1078,4.043,1.4,30.49,1.64,4259.4,80.0
1079,4.04,1.481,29.72,1.659,4045.2,80.93
1080,4.047,1.485,30.41,1.652,4003.3,80.6
1081,4.04,1.532,31.36,1.64,3861.8,80.01
1082,4.04,1.465,30.92,1.64,4054.5,80.0
1083,4.037,1.584,31.24,1.64,3711.9,80.0
1084,4.044,1.404,30.62,1.664,4251.8,81.16
1085,4.043,1.566,31.01,1.647,3780.2,80.32
1086,4.034,1.489,30.07,1.647,3940.3,80.34
1087,4.03,1.543,30.11,1.653,3858.7,80.62
1088,4.036,1.504,29.07,1.645,3898.8,80.22
1089,4.033,1.557,31.04,1.639,3791.6,79.97
1090,4.036,1.481,31.22,1.64,4004.3,79.99
1091,4.043,1.445,30.18,1.641,4078.2,80.04
1092,4.034,1.571,30.33,1.641,3793.9,80.05
1093,4.036,1.494,30.09,1.648,3942.0,80.41
1094,4.036,1.511,30.66,1.641,3934.5,80.07
1095,4.04,1.562,31.04,1.648,3812.5,80.39
1096,4.024,1.448,29.61,1.64,4041.2,79.99
1097,4.032,1.53,30.69,1.641,3916.2,80.05
1098,4.036,1.471,30.35,1.62,3965.1,79.03
1099,4.041,1.493,30.55,1.649,3957.8,80.44
1100,4.033,1.504,30.73,1.643,3906.0,80.16
1101,4.025,1.425,30.41,1.649,4162.8,80.46
1102,4.038,1.461,30.46,1.61,3965.3,78.55
1103,4.031,1.568,30.41,1.66,3814.3,80.97
1104,4.028,1.544,31.01,1.638,3811.3,79.88
1105,4.031,1.497,30.73,1.65,3980.4,80.48
1106,4.033,1.512,30.64,1.628,3868.3,79.42
1107,4.031,1.485,29.9,1.644,3947.0,80.22
1108,4.023,1.568,30.35,1.628,3734.1,79.39
1109,4.038,1.49,30.99,1.632,3894.9,79.59
1110,4.04,1.512,30.57,1.657,3952.9,80.82
1111,4.037,1.557,30.88,1.636,3761.3,79.78
1112,4.028,1.461,31.44,1.639,4042.6,79.97
1113,4.032,1.578,31.08,1.646,3781.0,80.28
1114,4.033,1.423,30.62,1.642,4133.2,80.09
1115,4.036,1.581,30.32,1.638,3750.3,79.91
1116,4.036,1.481,29.3,1.64,3977.1,80.01
1117,4.029,1.488,30.5,1.66,4052.3,80.99
1118,4.033,1.405,30.43,1.635,4181.8,79.78
1119,4.034,1.477,30.79,1.638,3974.6,79.9
1120,4.039,1.448,30.52,1.646,4106.4,80.3
1121,4.035,1.47,30.44,1.647,4024.6,80.32
1122,4.036,1.493,29.72,1.647,3954.5,80.35
1123,4.032,1.548,30.15,1.641,3808.0,80.07
1124,4.038,1.51,30.86,1.623,3868.6,79.19
1125,4.033,1.515,31.48,1.651,3949.0,80.54
1126,4.027,1.445,30.58,1.623,4004.1,79.17
1127,4.038,1.456,30.8,1.637,4048.8,79.87
1128,4.034,1.59,31.12,1.627,3695.3,79.34
1129,4.028,1.463,30.24,1.633,4022.1,79.67
1130,4.028,1.583,30.83,1.637,3749.3,79.85
1131,4.032,1.488,30.28,1.637,3958.6,79.84
1132,4.033,1.5,31.09,1.637,3926.0,79.88
1133,4.031,1.554,30.74,1.649,3833.6,80.45
1134,4.031,1.564,30.82,1.637,3771.9,79.87
1135,4.038,1.494,30.28,1.63,3919.3,79.52
1136,4.035,1.481,31.03,1.642,4003.1,80.1
1137,4.03,1.497,31.73,1.644,3940.3,80.2
1138,4.034,1.517,30.19,1.62,3832.0,79.01
1139,4.024,1.545,30.53,1.638,3806.9,79.9
1140,4.031,1.5,30.82,1.639,3959.4,79.94
1141,4.038,1.531,31.1,1.629,3765.0,79.44
1142,4.028,1.582,30.43,1.645,3751.6,80.25
1143,4.024,1.519,29.3,1.63,3862.6,79.49
1144,4.025,1.516,31.4,1.632,3843.3,79.62
1145,4.023,1.424,31.11,1.629,4124.2,79.46
1146,4.024,1.368,29.86,1.631,4299.3,79.54
1147,4.026,1.519,30.43,1.619,3848.6,78.99
1148,4.021,1.495,31.52,1.616,3837.0,78.82
1149,4.028,1.474,31.47,1.646,4046.4,80.29
1150,4.032,1.512,31.22,1.621,3844.9,79.09
1151,4.023,1.497,30.67,1.62,3908.7,79.01
1152,4.035,1.556,30.8,1.608,3733.8,78.43
1153,4.03,1.504,30.7,1.623,3865.9,79.16
1154,4.032,1.463,31.33,1.616,3990.0,78.82
1155,4.023,1.55,30.34,1.645,3814.6,80.25
1156,4.031,1.489,30.38,1.639,3920.0,79.93
1157,4.021,1.526,31.29,1.621,3847.8,79.1
1158,4.031,1.476,30.77,1.651,4010.3,80.52
1159,4.027,1.468,31.48,1.638,4000.7,79.89
1160,4.029,1.504,30.46,1.625,3879.9,79.25
1161,4.02,1.501,30.78,1.603,3850.1,78.18
1162,4.021,1.524,30.35,1.65,3897.3,80.5
1163,4.029,1.487,30.82,1.613,3917.9,78.7
1164,4.021,1.408,30.08,1.611,4090.6,78.56
1165,4.028,1.478,30.58,1.637,3971.6,79.86
1166,4.018,1.54,30.11,1.651,3858.0,80.54
1167,4.029,1.485,31.18,1.64,4014.1,80.01
1168,4.019,1.488,31.2,1.632,3946.7,79.6
1169,4.027,1.549,29.98,1.632,3813.9,79.61
1170,4.028,1.464,31.52,1.634,4018.7,79.73
1171,4.021,1.423,32.1,1.633,4122.7,79.67
1172,4.027,1.492,30.88,1.628,3924.0,79.43
1173,4.025,1.476,30.54,1.626,3963.9,79.33
1174,4.021,1.452,32.28,1.624,4040.6,79.24
1175,4.019,1.491,30.22,1.617,3932.0,78.9
1176,4.014,1.525,30.89,1.622,3837.1,79.12
1177,4.025,1.5,30.97,1.608,3883.2,78.42
1178,4.015,1.515,31.56,1.623,3837.3,79.19
1179,4.024,1.591,31.07,1.614,3645.1,78.75
1180,4.022,1.483,30.65,1.613,3901.3,78.68
1181,4.026,1.514,30.43,1.626,3871.8,79.3
1182,4.021,1.475,30.74,1.638,3990.7,79.88
1183,4.021,1.458,30.41,1.633,4046.6,79.64
1184,4.026,1.471,30.94,1.608,3916.1,78.42
1185,4.024,1.476,30.64,1.613,3935.2,78.69
1186,4.024,1.518,30.18,1.632,3884.8,79.62
1187,4.024,1.617,31.56,1.613,3548.4,78.67
1188,4.014,1.464,30.69,1.62,4026.1,79.04
1189,4.025,1.479,30.31,1.628,3956.0,79.4
1190,4.025,1.497,30.87,1.612,3837.4,78.65
1191,4.016,1.52,30.99,1.623,3847.6,79.17
1192,4.02,1.513,30.09,1.608,3827.2,78.46
1193,4.021,1.564,31.13,1.616,3716.5,78.81
1194,4.02,1.379,30.45,1.625,4261.8,79.25
1195,4.022,1.381,31.83,1.605,4200.5,78.3
1196,4.028,1.475,31.24,1.625,3972.4,79.29
1197,4.026,1.555,30.79,1.621,3761.2,79.05
1198,4.014,1.422,30.62,1.626,4115.5,79.32
1199,4.023,1.35,30.94,1.623,4363.8,79.15
1200,4.027,1.529,31.31,1.634,3818.5,79.7
1201,4.022,1.512,30.99,1.621,3862.6,79.09
1202,4.025,1.445,30.9,1.616,4024.9,78.81
1203,4.03,1.451,31.04,1.621,4038.6,79.07
1204,4.025,1.452,30.72,1.625,4013.2,79.26
1205,4.02,1.506,30.85,1.62,3838.4,79.01
1206,4.024,1.469,29.99,1.62,3972.9,79.0
1207,4.02,1.525,31.52,1.612,3811.6,78.63
1208,4.019,1.357,31.19,1.612,4305.8,78.64
1209,4.017,1.457,30.66,1.605,3938.7,78.27
1210,4.026,1.444,32.0,1.636,4102.3,79.8
1211,4.014,1.487,31.1,1.606,3934.4,78.33
1212,4.026,1.473,30.54,1.611,3929.7,78.59
1213,4.021,1.54,31.49,1.611,3739.6,78.57
1214,4.011,1.407,31.27,1.627,4153.7,79.35
1215,4.02,1.502,31.27,1.615,3869.3,78.76
1216,4.007,1.528,30.87,1.63,3851.3,79.5
1217,4.021,1.593,31.31,1.61,3627.8,78.55
1218,4.022,1.476,30.96,1.62,3981.9,79.01
1219,4.014,1.516,31.37,1.608,3796.6,78.46
1220,4.018,1.41,30.15,1.638,4148.0,79.9
1221,4.027,1.38,30.89,1.605,4206.6,78.27
1222,4.014,1.542,31.97,1.619,3734.4,78.99
1223,4.011,1.5,30.73,1.622,3890.3,79.14
1224,4.024,1.559,30.82,1.62,3803.3,79.02
1225,4.026,1.431,30.9,1.614,4058.7,78.72
1226,4.016,1.526,30.52,1.614,3785.6,78.74
1227,4.021,1.593,30.03,1.616,3649.2,78.82
1228,4.023,1.521,31.02,1.614,3818.3,78.71
1229,4.012,1.514,31.21,1.625,3866.6,79.25
1230,4.013,1.5,31.12,1.637,3940.6,79.85
1231,4.022,1.421,31.08,1.609,4054.2,78.49
1232,4.024,1.568,31.18,1.601,3709.4,78.08
1233,4.018,1.469,31.68,1.613,3957.4,78.7
1234,4.011,1.525,31.07,1.64,3885.1,79.99
1235,4.025,1.422,30.89,1.606,4053.3,78.33
1236,4.012,1.441,31.04,1.63,4098.0,79.52
1237,4.013,1.572,31.47,1.63,3728.9,79.53
1238,4.016,1.483,31.9,1.608,3909.4,78.43
1239,4.022,1.573,30.88,1.619,3687.0,78.97
1240,4.018,1.496,31.25,1.629,3900.5,79.48
1241,4.016,1.408,31.37,1.609,4128.0,78.49
1242,4.016,1.545,30.71,1.611,3744.9,78.56
1243,4.014,1.471,31.23,1.607,3916.2,78.37
1244,4.016,1.535,30.49,1.602,3744.7,78.15
1245,4.001,1.501,30.34,1.606,3864.2,78.32
1246,4.012,1.423,31.41,1.6,4034.8,78.03
1247,4.014,1.508,31.04,1.612,3845.5,78.64
1248,4.007,1.61,31.34,1.604,3587.0,78.24
1249,4.015,1.525,31.24,1.614,3772.0,78.72
1250,4.011,1.497,30.76,1.596,3807.5,77.84
1251,4.021,1.554,31.23,1.614,3747.1,78.75
1252,4.02,1.511,30.64,1.619,3844.2,78.98
1253,4.01,1.51,31.96,1.591,3812.4,77.6
1254,4.011,1.445,30.59,1.614,4039.8,78.74
1255,4.011,1.512,31.18,1.623,3878.5,79.15
1256,4.009,1.552,30.76,1.598,3743.8,77.95
1257,4.012,1.458,31.57,1.627,4014.3,79.35
1258,4.008,1.571,31.12,1.614,3711.0,78.73
1259,4.005,1.495,31.04,1.603,3846.3,78.17
1260,4.014,1.456,31.73,1.609,4028.1,78.48
1261,4.014,1.55,31.32,1.615,3790.6,78.77
1262,4.007,1.486,31.57,1.61,3901.2,78.53
1263,4.015,1.538,30.82,1.614,3786.4,78.75
1264,4.007,1.485,30.62,1.6,3903.8,78.03
1265,4.012,1.497,31.38,1.61,3869.4,78.55
1266,4.014,1.525,31.17,1.594,3751.2,77.77
1267,4.01,1.515,31.65,1.607,3837.5,78.4
1268,4.012,1.4,31.3,1.599,4112.7,78.0
1269,4.007,1.444,31.45,1.601,3994.1,78.07
1270,4.009,1.546,30.54,1.62,3754.7,79.03
1271,4.008,1.493,32.3,1.618,3867.1,78.95
1272,4.005,1.474,31.28,1.613,3945.8,78.71
1273,4.008,1.432,31.71,1.596,4030.9,77.87
1274,4.001,1.446,30.95,1.604,3988.5,78.24
1275,4.006,1.399,31.53,1.619,4195.1,78.97
1276,4.007,1.495,30.73,1.608,3858.4,78.44
1277,4.007,1.47,31.61,1.63,3969.8,79.5
1278,4.007,1.452,31.21,1.61,3992.0,78.55
1279,4.008,1.497,31.41,1.608,3866.5,78.44
1280,4.01,1.518,31.75,1.603,3816.3,78.19
1281,4.012,1.605,30.79,1.607,3590.1,78.4
1282,4.004,1.424,31.07,1.604,4081.6,78.25
1283,4.002,1.558,31.64,1.613,3765.5,78.66
1284,4.002,1.549,32.47,1.615,3753.2,78.77
1285,4.005,1.461,31.36,1.597,3960.7,77.92
1286,4.005,1.51,31.73,1.592,3773.1,77.64
1287,4.003,1.477,31.38,1.586,3887.9,77.39
1288,4.0,1.509,32.41,1.61,3860.5,78.52
1289,4.004,1.575,30.57,1.593,3658.3,77.73
1290,4.007,1.53,31.5,1.583,3723.2,77.21
1291,4.009,1.525,30.64,1.608,3735.8,78.44
1292,4.003,1.478,30.21,1.629,3953.4,79.46
1293,4.004,1.426,31.61,1.604,4036.7,78.23
1294,4.001,1.49,31.54,1.612,3876.3,78.63
1295,4.006,1.56,31.33,1.604,3703.8,78.26
1296,4.001,1.424,31.43,1.602,4043.4,78.16
1297,4.008,1.447,33.03,1.612,3994.1,78.65
1298,3.996,1.506,31.36,1.6,3802.8,78.05
1299,4.003,1.451,31.75,1.605,3969.5,78.31
1300,4.007,1.46,31.18,1.606,3981.0,78.33
1301,4.006,1.479,31.65,1.596,3871.5,77.84
1302,4.018,1.432,31.39,1.612,4043.5,78.64
1303,4.006,1.451,31.31,1.6,3960.6,78.07
1304,3.999,1.535,32.43,1.594,3745.6,77.77
1305,4.004,1.435,32.11,1.607,4042.0,78.4
1306,3.995,1.42,31.6,1.593,3976.4,77.69
1307,4.004,1.468,30.38,1.602,3947.0,78.13
1308,4.0,1.537,31.36,1.601,3780.0,78.11
1309,4.008,1.49,32.9,1.612,3873.3,78.63
1310,4.001,1.477,31.43,1.606,3894.8,78.33
1311,4.003,1.502,32.11,1.601,3826.6,78.07
1312,4.0,1.413,32.28,1.609,4084.5,78.48
1313,4.012,1.525,31.67,1.614,3816.1,78.75
1314,4.001,1.519,31.15,1.606,3766.5,78.33
1315,4.012,1.48,30.36,1.6,3871.3,78.06
1316,4.007,1.55,31.92,1.587,3715.6,77.41
1317,4.005,1.444,31.18,1.589,3944.3,77.52
1318,4.004,1.556,31.68,1.597,3717.8,77.88
1319,4.004,1.508,30.97,1.593,3811.6,77.72
1320,3.992,1.483,31.47,1.597,3841.1,77.92
1321,4.0,1.499,31.62,1.6,3854.5,78.03
1322,4.006,1.495,31.74,1.604,3861.7,78.26
1323,4.001,1.561,31.06,1.598,3676.4,77.96
1324,3.994,1.446,32.22,1.603,3996.6,78.22
1325,4.001,1.462,31.33,1.599,3947.5,78.01
1326,4.01,1.552,30.79,1.579,3676.2,77.0
1327,4.007,1.47,31.58,1.589,3913.8,77.5
1328,4.0,1.545,31.66,1.597,3728.2,77.88
1329,4.005,1.585,31.73,1.586,3574.2,77.35
1330,3.999,1.48,32.33,1.604,3891.5,78.23
1331,3.992,1.534,31.54,1.613,3843.6,78.67
1332,3.996,1.442,31.6,1.61,4031.8,78.51
1333,4.008,1.538,31.11,1.595,3781.5,77.81
1334,3.999,1.51,32.08,1.612,3870.9,78.63
1335,3.999,1.524,31.77,1.598,3781.3,77.97
1336,3.998,1.468,31.47,1.593,3914.1,77.72
1337,4.009,1.417,30.73,1.59,4039.9,77.58
1338,4.007,1.525,32.41,1.593,3726.2,77.72
1339,4.01,1.397,31.08,1.592,4104.2,77.67
1340,3.998,1.484,31.4,1.598,3899.8,77.94
1341,4.0,1.547,31.88,1.597,3705.3,77.93
1342,3.991,1.51,31.11,1.596,3813.7,77.84
1343,4.006,1.597,30.97,1.6,3622.7,78.04
1344,3.993,1.551,30.66,1.607,3711.9,78.4
1345,3.999,1.467,32.09,1.605,3928.1,78.28
1346,3.993,1.501,31.46,1.58,3768.7,77.08
1347,3.995,1.498,33.2,1.569,3756.0,76.55
1348,3.994,1.421,31.24,1.604,4038.4,78.25
1349,3.995,1.453,31.28,1.581,3899.0,77.12
1350,3.995,1.472,31.47,1.592,3922.4,77.67
1351,3.995,1.398,31.88,1.583,4056.4,77.2
1352,4.001,1.502,31.52,1.576,3779.2,76.88
1353,3.992,1.488,32.07,1.599,3860.6,78.02
1354,3.998,1.416,31.28,1.601,4093.9,78.12
1355,4.003,1.52,31.08,1.588,3786.5,77.46
1356,3.994,1.536,30.88,1.568,3691.8,76.47
1357,3.993,1.511,30.67,1.588,3788.4,77.46
1358,3.995,1.484,31.53,1.597,3870.2,77.91
1359,4.002,1.53,31.64,1.578,3690.6,76.99
1360,3.997,1.534,31.48,1.595,3781.2,77.79
1361,3.993,1.515,32.43,1.593,3768.1,77.68
1362,3.998,1.459,32.42,1.598,3957.7,77.97
1363,3.99,1.514,31.65,1.594,3810.8,77.74
1364,3.999,1.56,30.92,1.582,3641.3,77.19
1365,3.997,1.47,31.54,1.604,3948.5,78.25
1366,3.994,1.605,31.53,1.59,3582.6,77.58
1367,3.991,1.474,31.51,1.591,3922.2,77.63
1368,3.99,1.502,31.49,1.582,3783.9,77.18
1369,3.997,1.466,31.52,1.587,3870.4,77.41
1370,4.001,1.511,31.66,1.582,3759.7,77.19
1371,3.991,1.413,31.54,1.589,4053.9,77.53
1372,3.996,1.473,31.96,1.608,3932.1,78.44
1373,3.984,1.445,32.05,1.577,3920.1,76.93
1374,3.991,1.507,31.41,1.575,3723.7,76.81
1375,3.994,1.55,32.51,1.605,3738.3,78.3
1376,3.989,1.532,31.39,1.588,3770.9,77.48
1377,3.989,1.381,31.08,1.583,4135.9,77.24
1378,3.99,1.602,32.08,1.6,3608.4,78.07
1379,3.995,1.515,31.49,1.584,3775.6,77.26
1380,3.992,1.461,32.06,1.608,3969.6,78.44
1381,3.982,1.508,30.7,1.596,3829.9,77.87
1382,3.982,1.509,32.61,1.585,3788.6,77.29
1383,3.99,1.467,32.25,1.611,3947.6,78.58
1384,3.995,1.51,31.17,1.583,3758.5,77.22
1385,3.979,1.47,31.19,1.596,3905.5,77.87
1386,3.99,1.48,32.77,1.592,3878.8,77.65
1387,3.989,1.466,31.57,1.602,3927.7,78.13
1388,3.999,1.428,31.52,1.604,4049.2,78.25
1389,3.99,1.507,30.81,1.589,3803.1,77.5
1390,3.993,1.529,31.77,1.581,3737.6,77.1
1391,3.992,1.526,31.84,1.593,3783.5,77.69
1392,3.981,1.541,32.32,1.581,3695.2,77.13
1393,3.995,1.516,31.27,1.608,3791.4,78.43
1394,3.992,1.473,31.21,1.589,3875.5,77.51
1395,3.993,1.542,32.2,1.584,3698.4,77.26
1396,4.01,1.432,32.48,1.589,3957.9,77.52
1397,3.98,1.455,31.2,1.574,3921.4,76.76
1398,3.999,1.452,32.53,1.577,3913.9,76.94
1399,3.989,1.554,32.01,1.599,3711.4,77.99
1400,3.991,1.547,32.55,1.58,3704.0,77.08
1401,3.99,1.524,31.97,1.576,3709.4,76.88
1402,3.988,1.554,30.75,1.592,3699.8,77.64
1403,3.987,1.456,31.94,1.598,3949.0,77.95
1404,3.991,1.517,32.55,1.593,3776.2,77.72
1405,3.982,1.494,31.58,1.596,3830.7,77.85
1406,3.993,1.542,31.84,1.578,3717.0,76.98
1407,3.987,1.494,31.95,1.571,3778.3,76.65
1408,3.983,1.481,30.59,1.6,3905.0,78.07
1409,3.986,1.527,32.88,1.582,3692.2,77.17
1410,3.995,1.544,31.6,1.583,3714.2,77.2
1411,3.986,1.467,32.31,1.598,3944.3,77.96
1412,3.99,1.497,32.02,1.59,3826.7,77.58
1413,3.984,1.447,32.69,1.589,3949.2,77.52
1414,3.992,1.375,32.27,1.606,4213.0,78.35
1415,3.991,1.51,31.96,1.578,3807.8,76.97
1416,3.997,1.53,31.63,1.594,3713.1,77.73
1417,3.987,1.513,32.48,1.585,3785.9,77.3
1418,3.991,1.403,31.15,1.587,4054.4,77.4
1419,3.988,1.482,32.42,1.599,3882.8,78.0
1420,3.993,1.389,31.55,1.589,4112.5,77.5
1421,3.983,1.568,32.73,1.589,3638.3,77.51
1422,3.99,1.446,32.19,1.594,3969.3,77.76
1423,3.986,1.563,32.44,1.58,3616.0,77.05
1424,3.986,1.547,32.16,1.575,3684.3,76.81
1425,3.987,1.455,31.25,1.572,3854.8,76.71
1426,3.987,1.443,31.7,1.563,3909.4,76.25
1427,3.985,1.518,32.47,1.603,3796.7,78.2
1428,3.987,1.458,32.22,1.571,3857.2,76.66
1429,3.994,1.505,32.74,1.58,3783.4,77.08
1430,3.99,1.476,32.35,1.579,3821.4,77.04
1431,3.99,1.411,31.67,1.585,4045.2,77.32
1432,3.983,1.388,31.76,1.59,4094.1,77.56
1433,3.981,1.511,32.22,1.59,3797.4,77.58
1434,3.99,1.472,31.01,1.576,3835.5,76.87
1435,3.989,1.472,33.01,1.58,3853.6,77.06
1436,3.992,1.535,32.4,1.584,3721.6,77.27
1437,3.981,1.559,32.8,1.579,3630.7,77.01
1438,3.983,1.486,31.4,1.597,3867.0,77.91
1439,3.976,1.483,32.82,1.586,3819.3,77.35
1440,3.982,1.525,33.32,1.588,3761.5,77.47
1441,3.989,1.432,31.54,1.587,4025.0,77.42
1442,3.981,1.511,32.6,1.592,3848.8,77.67
1443,3.987,1.528,32.22,1.582,3730.2,77.17
1444,3.982,1.534,31.45,1.567,3693.6,76.45
1445,3.985,1.403,32.47,1.584,4028.3,77.27
1446,3.977,1.462,32.65,1.573,3904.4,76.75
1447,3.983,1.456,31.93,1.574,3908.1,76.8
1448,3.968,1.505,32.82,1.585,3782.7,77.34
1449,3.982,1.524,31.41,1.592,3784.8,77.65
1450,3.974,1.575,31.5,1.579,3605.5,77.05
1451,3.988,1.475,32.32,1.582,3851.8,77.18
1452,3.986,1.475,32.27,1.596,3904.5,77.85
1453,3.984,1.557,31.91,1.581,3633.6,77.13
1454,3.99,1.515,32.67,1.605,3834.0,78.28
1455,3.977,1.563,32.54,1.584,3626.8,77.28
1456,3.99,1.514,32.71,1.561,3689.2,76.14
1457,3.986,1.442,32.22,1.586,3940.4,77.36
1458,3.98,1.433,32.59,1.582,3988.4,77.17
1459,3.987,1.422,32.07,1.591,4014.0,77.6
1460,3.975,1.533,33.33,1.585,3693.9,77.3
1461,3.977,1.559,31.9,1.576,3626.8,76.89
1462,3.978,1.592,33.36,1.565,3537.9,76.36
1463,3.978,1.542,32.33,1.575,3653.8,76.84
1464,3.975,1.558,31.63,1.569,3601.5,76.52
1465,3.986,1.471,33.01,1.571,3887.7,76.65
1466,3.979,1.442,32.39,1.583,3934.0,77.21
1467,3.982,1.543,32.76,1.594,3712.6,77.73
1468,3.977,1.521,32.95,1.581,3734.1,77.1
1469,3.971,1.505,32.51,1.565,3733.2,76.32
1470,3.981,1.519,32.05,1.581,3758.1,77.11
1471,3.97,1.516,32.84,1.588,3790.1,77.47
1472,3.979,1.564,32.36,1.57,3607.3,76.59
1473,3.972,1.565,32.71,1.575,3598.0,76.81
1474,3.989,1.527,31.29,1.576,3740.5,76.88
1475,3.983,1.542,32.6,1.568,3657.8,76.48
1476,3.979,1.526,32.06,1.582,3767.5,77.17
1477,3.985,1.477,33.21,1.574,3792.2,76.79
1478,3.974,1.538,32.7,1.579,3701.4,77.05
1479,3.981,1.43,32.51,1.566,3980.7,76.4
1480,3.979,1.553,32.64,1.571,3634.5,76.62
1481,3.979,1.44,31.91,1.582,3949.9,77.17
1482,3.984,1.514,33.22,1.571,3740.7,76.63
1483,3.981,1.458,33.41,1.592,3920.0,77.65
1484,3.979,1.528,32.62,1.57,3694.6,76.61
1485,3.969,1.498,33.22,1.577,3781.2,76.9
1486,3.972,1.42,32.15,1.583,4001.2,77.24
1487,3.976,1.521,32.04,1.56,3716.4,76.09
1488,3.977,1.471,32.46,1.556,3817.6,75.92
1489,3.971,1.544,32.66,1.558,3638.7,76.02
1490,3.989,1.5,32.25,1.586,3823.0,77.38
1491,3.984,1.52,32.72,1.568,3708.8,76.49
1492,3.979,1.452,32.61,1.599,3948.4,78.0
1493,3.976,1.471,31.97,1.568,3825.4,76.47
1494,3.975,1.477,32.73,1.575,3838.5,76.82
1495,3.971,1.543,32.91,1.588,3685.0,77.48
1496,3.976,1.584,32.57,1.593,3610.4,77.7
1497,3.977,1.46,33.06,1.593,3918.9,77.72
1498,3.969,1.554,31.88,1.585,3713.7,77.3
1499,3.977,1.392,32.73,1.583,4038.9,77.2
1500,3.974,1.44,31.91,1.578,3941.0,76.98
